Country,Region
Norway,Western Europe
Denmark,Western Europe
Iceland,Western Europe
Switzerland,Western Europe
Finland,Western Europe
Netherlands,Western Europe
Canada,North America
New Zealand,Asia-Pacific
Sweden,Western Europe
Australia,Asia-Pacific
Israel,Asia-Pacific
Costa Rica,Latin America
Austria,Western Europe
United States,North America
Ireland,Western Europe
Germany,Western Europe
Belgium,Western Europe
Luxembourg,Western Europe
United Kingdom,Western Europe
Chile,Latin America
United Arab Emirates,Asia-Pacific
Brazil,Latin America
Czech Republic,Western Europe
Argentina,Latin America
Mexico,Latin America
Singapore,Asia-Pacific
Malta,Western Europe
Uruguay,Latin America
Guatemala,Latin America
Panama,Latin America
France,Western Europe
Thailand,Asia-Pacific
Spain,Western Europe
Qatar,Asia-Pacific
Colombia,Latin America
Saudi Arabia,Asia-Pacific
Trinidad and Tobago,Latin America
Kuwait,Asia-Pacific
Slovakia,Eastern Europe
Bahrain,Asia-Pacific
Malaysia,Asia-Pacific
Nicaragua,Latin America
Ecuador,Latin America
El Salvador,Latin America
Poland,Eastern Europe
Uzbekistan,Asia-Pacific
Italy,Western Europe
Russia,Eastern Europe
Belize,Latin America
Japan,Asia-Pacific
Lithuania,Eastern Europe
Algeria,Africa
Latvia,Eastern Europe
South Korea,Asia-Pacific
Moldova,Eastern Europe
Romania,Eastern Europe
Bolivia,Latin America
Turkmenistan,Asia-Pacific
Kazakhstan,Asia-Pacific
North Cyprus,Eastern Europe
Slovenia,Eastern Europe
Peru,Latin America
Mauritius,Africa
Cyprus,Eastern Europe
Estonia,Eastern Europe
Belarus,Eastern Europe
Libya,Africa
Turkey,Asia-Pacific
Paraguay,Latin America
"Hong Kong S.A.R., China",Asia-Pacific
Philippines,Asia-Pacific
Serbia,Eastern Europe
Jordan,Asia-Pacific
Hungary,Eastern Europe
Jamaica,Latin America
Croatia,Eastern Europe
Kosovo,Eastern Europe
China,Asia-Pacific
Pakistan,Asia-Pacific
Indonesia,Asia-Pacific
Venezuela,Latin America
Montenegro,Eastern Europe
Morocco,Africa
Azerbaijan,Asia-Pacific
Dominican Republic,Latin America
Greece,Eastern Europe
Lebanon,Asia-Pacific
Portugal,Western Europe
Bosnia and Herzegovina,Eastern Europe
Honduras,Latin America
Macedonia,Eastern Europe
Somalia,Africa
Vietnam,Asia-Pacific
Nigeria,Africa
Tajikistan,Asia-Pacific
Kyrgyzstan,Asia-Pacific
Nepal,Asia-Pacific
Mongolia,Asia-Pacific
South Africa,Africa
Tunisia,Africa
Palestinian Territories,Asia-Pacific
Egypt,Africa
Bulgaria,Eastern Europe
Sierra Leone,Africa
Cameroon,Africa
Iran,Asia-Pacific
Albania,Eastern Europe
Bangladesh,Asia-Pacific
Namibia,Africa
Kenya,Africa
Mozambique,Africa
Myanmar,Asia-Pacific
Senegal,Africa
Zambia,Africa
Iraq,Asia-Pacific
Gabon,Africa
Ethiopia,Africa
Sri Lanka,Asia-Pacific
Armenia,Asia-Pacific
India,Asia-Pacific
Mauritania,Africa
Congo (Brazzaville),Africa
Georgia,Asia-Pacific
Congo (Kinshasa),Africa
Mali,Africa
Ivory Coast,Africa
Cambodia,Asia-Pacific
Sudan,Africa
Ghana,Africa
Ukraine,Europe
Uganda,Africa
Burkina Faso,Africa
Niger,Africa
Malawi,Africa
Chad,Africa
Zimbabwe,Africa
Lesotho,Africa
Angola,Africa
Afghanistan,Asia-Pacific
Botswana,Africa
Benin,Africa
Madagascar,Africa
Haiti,Latin America
Yemen,Asia-Pacific
South Sudan,Africa
Liberia,Africa
Guinea,Africa
Togo,Africa
Rwanda,Africa
Syria,Asia-Pacific
Tanzania,Africa
Burundi,Africa
Central African Republic,Africa
United State of America,North America
Oman,Asia-Pacific
Taiwan,Asia-Pacific
Suriname,Latin America
Northern Cyprus,Eastern Europe
Hong Kong S.A.R.,Asia-Pacific
Bhutan,Asia-Pacific
Republic of Serbia,Eastern Europe
Somaliland,Africa
Laos,Asia-Pacific
Swaziland,Africa
Palestine,Asia-Pacific
Democratic Republic of the Congo,Africa
Djibouti,Africa
Republic of Congo,Africa
Comoros,Africa
United Republic of Tanzania,Africa
Puerto Rico,Latin America
Taiwan Province of China,Asia-Pacific
Trinidad & Tobago,Latin America
North Macedonia,Eastern Europe
Gambia,Africa
Maldives,Asia-Pacific
United States of America,North America
